Vector Size,FLOPS/SEC.
128,0.064
256,0.064
512,0.0568889
1024,0.0568889
2048,0.0585143
4096,0.0576901
8192,0.0499512
16384,0.0572867
20000,0.0518135
